brother,daehan,강남,15
brother,megabox,강남,15
brother,cgv,강남,30
brother,daehan,신촌,20
brother,megabox,신촌,30
brother,cgv,신촌,15
hulk,daehan,강남,25
hulk,megabox,강남,15
hulk,cgv,강남,15
hulk,daehan,신촌,25
hulk,megabox,신촌,20
hulk,cgv,신촌,15
king,daehan,강남,30
king,megabox,강남,20
king,cgv,강남,25
king,daehan,신촌,25
king,megabox,신촌,25
king,cgv,신촌,15
lucky,daehan,강남,25
lucky,megabox,강남,20
lucky,cgv,강남,25
lucky,daehan,신촌,30
lucky,megabox,신촌,15
lucky,cgv,신촌,20
